<?xml version="1.0" encoding="UTF-8"?>
<project-private xmlns="http://www.netbeans.org/ns/project-private/1">
    <editor-bookmarks xmlns="http://www.netbeans.org/ns/editor-bookmarks/2" lastBookmarkId="0"/>
    <open-files xmlns="http://www.netbeans.org/ns/projectui-open-files/2">
        <group>
            <file>file:/D:/Collage/MCA%20%5Bsem-1%5D/JEE/BloodCRUD/web/Insert.jsp</file>
            <file>file:/D:/Collage/MCA%20%5Bsem-1%5D/JEE/BloodCRUD/src/java/check.java</file>
            <file>file:/D:/Collage/MCA%20%5Bsem-1%5D/JEE/BloodCRUD/web/display.jsp</file>
            <file>file:/D:/Collage/MCA%20%5Bsem-1%5D/JEE/BloodCRUD/src/java/AddBloodDonor.java</file>
            <file>file:/D:/Collage/MCA%20%5Bsem-1%5D/JEE/BloodCRUD/web/WEB-INF/web.xml</file>
        </group>
    </open-files>
</project-private>
